n_robots,dropout,trial,success,unfinished,collisions,mean_completion,makespan,plan_fail
24,0.0,0,True,0,0,7.958333333333333,18,0
24,0.0,1,True,0,0,7.75,19,0
24,0.0,2,True,0,0,10.625,18,0
24,0.0,3,True,0,0,8.041666666666666,17,0
24,0.0,4,True,0,0,7.458333333333333,17,0
24,0.0,5,True,0,0,8.916666666666666,15,0
24,0.0,6,True,0,0,8.708333333333334,17,0
24,0.0,7,True,0,0,7.791666666666667,19,0
24,0.0,8,True,0,0,8.708333333333334,20,0
24,0.0,9,True,0,0,8.666666666666666,18,0
24,0.0,10,True,0,0,6.75,20,0
24,0.0,11,True,0,0,9.708333333333334,19,0
24,0.0,12,True,0,0,7.041666666666667,16,0
24,0.0,13,True,0,0,10.166666666666666,20,0
24,0.0,14,True,0,0,9.25,20,0
24,0.0,15,True,0,0,7.791666666666667,16,0
24,0.0,16,True,0,0,10.75,21,0
24,0.0,17,True,0,0,8.125,16,0
24,0.0,18,True,0,0,9.5,20,0
24,0.0,19,True,0,0,7.375,16,0
24,0.0,20,True,0,0,10.208333333333334,21,0
24,0.0,21,True,0,0,8.625,16,0
24,0.0,22,True,0,0,9.791666666666666,16,0
24,0.0,23,True,0,0,9.041666666666666,16,0
24,0.0,24,True,0,0,9.375,20,0
24,0.0,25,True,0,0,8.541666666666666,18,0
24,0.0,26,True,0,0,10.583333333333334,19,0
24,0.0,27,True,0,0,9.166666666666666,18,0
24,0.0,28,True,0,0,9.25,17,0
24,0.0,29,True,0,0,9.458333333333334,25,0
24,0.0,30,True,0,0,7.75,17,0
24,0.0,31,True,0,0,8.583333333333334,16,0
24,0.0,32,True,0,0,9.041666666666666,21,0
24,0.0,33,True,0,0,8.708333333333334,19,0
24,0.0,34,True,0,0,7.666666666666667,16,0
24,0.0,35,True,0,0,8.75,20,0
24,0.0,36,True,0,0,9.208333333333334,19,0
24,0.0,37,True,0,0,8.458333333333334,19,0
24,0.0,38,True,0,0,10.75,23,0
24,0.0,39,True,0,0,7.916666666666667,15,0
24,0.0,40,True,0,0,9.333333333333334,17,0
24,0.0,41,True,0,0,8.583333333333334,17,0
24,0.0,42,True,0,0,7.916666666666667,14,0
24,0.0,43,True,0,0,8.125,23,0
24,0.0,44,True,0,0,9.625,18,0
24,0.0,45,True,0,0,7.291666666666667,19,0
24,0.0,46,True,0,0,9.958333333333334,16,0
24,0.0,47,True,0,0,11.833333333333334,28,0
24,0.0,48,True,0,0,9.5,18,0
24,0.0,49,True,0,0,8.916666666666666,19,0
24,0.05,0,True,0,0,8.541666666666666,19,0
24,0.05,1,True,0,0,8.166666666666666,19,0
24,0.05,2,True,0,0,11.125,19,0
24,0.05,3,True,0,0,9.0,18,0
24,0.05,4,True,0,0,8.083333333333334,17,0
24,0.05,5,True,0,0,9.291666666666666,16,0
24,0.05,6,True,0,0,8.958333333333334,18,0
24,0.05,7,True,0,0,8.166666666666666,19,0
24,0.05,8,True,0,0,8.75,20,0
24,0.05,9,True,0,0,9.0,19,0
24,0.05,10,True,0,0,7.333333333333333,20,0
24,0.05,11,True,0,0,10.625,21,0
24,0.05,12,True,0,0,7.458333333333333,16,0
24,0.05,13,True,0,0,11.041666666666666,23,0
24,0.05,14,True,0,0,9.75,20,0
24,0.05,15,True,0,0,8.0,17,0
24,0.05,16,True,0,0,11.375,22,0
24,0.05,17,True,0,0,8.666666666666666,18,0
24,0.05,18,True,0,0,10.291666666666666,21,0
24,0.05,19,True,0,0,7.416666666666667,16,0
24,0.05,20,True,0,0,10.708333333333334,21,0
24,0.05,21,True,0,0,8.791666666666666,18,0
24,0.05,22,True,0,0,10.333333333333334,17,0
24,0.05,23,True,0,0,9.333333333333334,17,0
24,0.05,24,True,0,0,10.208333333333334,22,0
24,0.05,25,True,0,0,8.958333333333334,20,0
24,0.05,26,True,0,0,11.208333333333334,19,0
24,0.05,27,True,0,0,9.375,18,0
24,0.05,28,True,0,0,10.5,19,0
24,0.05,29,True,0,0,10.0,25,0
24,0.05,30,True,0,0,8.291666666666666,18,0
24,0.05,31,True,0,0,8.958333333333334,16,0
24,0.05,32,True,0,0,9.833333333333334,19,0
24,0.05,33,True,0,0,9.291666666666666,21,0
24,0.05,34,True,0,0,8.166666666666666,18,0
24,0.05,35,True,0,0,9.208333333333334,20,0
24,0.05,36,True,0,0,9.5,19,0
24,0.05,37,True,0,0,8.708333333333334,19,0
24,0.05,38,True,0,0,10.958333333333334,23,0
24,0.05,39,True,0,0,8.333333333333334,18,0
24,0.05,40,True,0,0,9.916666666666666,20,0
24,0.05,41,True,0,0,9.375,19,0
24,0.05,42,True,0,0,8.791666666666666,19,0
24,0.05,43,True,0,0,8.875,23,0
24,0.05,44,True,0,0,10.0,18,0
24,0.05,45,True,0,0,7.458333333333333,21,0
24,0.05,46,True,0,0,11.0,21,0
24,0.05,47,True,0,0,12.125,28,0
24,0.05,48,True,0,0,10.041666666666666,20,0
24,0.05,49,True,0,0,9.541666666666666,20,0
24,0.1,0,True,0,0,8.541666666666666,19,0
24,0.1,1,True,0,0,9.333333333333334,20,0
24,0.1,2,True,0,0,12.916666666666666,21,0
24,0.1,3,True,0,0,9.583333333333334,19,0
24,0.1,4,True,0,0,8.458333333333334,20,0
24,0.1,5,True,0,0,10.083333333333334,16,0
24,0.1,6,True,0,0,10.166666666666666,20,0
24,0.1,7,True,0,0,8.875,22,0
24,0.1,8,True,0,0,9.125,22,0
24,0.1,9,True,0,0,9.25,19,0
24,0.1,10,True,0,0,7.666666666666667,27,0
24,0.1,11,True,0,0,10.625,22,0
24,0.1,12,True,0,0,7.666666666666667,14,0
24,0.1,13,True,0,0,11.5,20,0
24,0.1,14,True,0,0,10.708333333333334,22,0
24,0.1,15,True,0,0,8.583333333333334,20,0
24,0.1,16,True,0,0,12.291666666666666,27,0
24,0.1,17,True,0,0,9.0,19,0
24,0.1,18,True,0,0,11.5,23,0
24,0.1,19,True,0,0,7.916666666666667,17,0
24,0.1,20,True,0,0,11.583333333333334,24,0
24,0.1,21,True,0,0,9.25,16,0
24,0.1,22,True,0,0,10.958333333333334,20,0
24,0.1,23,True,0,0,9.916666666666666,20,0
24,0.1,24,True,0,0,9.916666666666666,20,0
24,0.1,25,True,0,0,9.75,20,0
24,0.1,26,True,0,0,11.666666666666666,23,0
24,0.1,27,True,0,0,9.916666666666666,22,0
24,0.1,28,True,0,0,11.541666666666666,21,0
24,0.1,29,True,0,0,10.75,26,0
24,0.1,30,True,0,0,9.666666666666666,22,0
24,0.1,31,True,0,0,9.666666666666666,16,0
24,0.1,32,True,0,0,10.583333333333334,23,0
24,0.1,33,True,0,0,9.791666666666666,22,0
24,0.1,34,True,0,0,8.291666666666666,17,0
24,0.1,35,True,0,0,9.708333333333334,20,0
24,0.1,36,True,0,0,9.75,19,0
24,0.1,37,True,0,0,9.041666666666666,21,0
24,0.1,38,True,0,0,10.958333333333334,28,0
24,0.1,39,True,0,0,8.875,18,0
24,0.1,40,True,0,0,10.416666666666666,21,0
24,0.1,41,True,0,0,9.666666666666666,20,0
24,0.1,42,True,0,0,9.458333333333334,17,0
24,0.1,43,True,0,0,9.208333333333334,25,0
24,0.1,44,True,0,0,10.333333333333334,19,0
24,0.1,45,True,0,0,8.0,22,0
24,0.1,46,True,0,0,11.5,19,0
24,0.1,47,True,0,0,14.166666666666666,31,0
24,0.1,48,True,0,0,10.958333333333334,24,0
24,0.1,49,True,0,0,9.958333333333334,21,0
24,0.2,0,True,0,0,10.25,20,0
24,0.2,1,True,0,0,10.625,25,0
24,0.2,2,True,0,0,14.208333333333334,24,0
24,0.2,3,True,0,0,10.875,22,0
24,0.2,4,True,0,0,8.875,19,0
24,0.2,5,True,0,0,12.041666666666666,22,0
24,0.2,6,True,0,0,11.416666666666666,21,0
24,0.2,7,True,0,0,10.875,25,0
24,0.2,8,True,0,0,10.041666666666666,24,0
24,0.2,9,True,0,0,11.208333333333334,29,0
24,0.2,10,True,0,0,8.875,26,0
24,0.2,11,True,0,0,11.875,21,0
24,0.2,12,True,0,0,9.166666666666666,18,0
24,0.2,13,True,0,0,12.125,22,0
24,0.2,14,True,0,0,12.083333333333334,23,0
24,0.2,15,True,0,0,9.458333333333334,23,0
24,0.2,16,True,0,0,11.875,27,0
24,0.2,17,True,0,0,9.666666666666666,21,0
24,0.2,18,True,0,0,12.375,23,0
24,0.2,19,True,0,0,9.333333333333334,22,0
24,0.2,20,True,0,0,12.833333333333334,25,0
24,0.2,21,True,0,0,10.541666666666666,19,0
24,0.2,22,True,0,0,12.583333333333334,22,0
24,0.2,23,True,0,0,10.5,21,0
24,0.2,24,True,0,0,11.375,26,0
24,0.2,25,True,0,0,11.916666666666666,22,0
24,0.2,26,True,0,0,13.333333333333334,26,0
24,0.2,27,True,0,0,11.458333333333334,24,0
24,0.2,28,True,0,0,13.791666666666666,28,0
24,0.2,29,True,0,0,11.25,22,0
24,0.2,30,True,0,0,9.791666666666666,26,0
24,0.2,31,True,0,0,10.25,24,0
24,0.2,32,True,0,0,11.416666666666666,25,0
24,0.2,33,True,0,0,10.666666666666666,21,0
24,0.2,34,True,0,0,9.708333333333334,24,0
24,0.2,35,True,0,0,10.708333333333334,25,0
24,0.2,36,True,0,0,11.625,23,0
24,0.2,37,True,0,0,10.541666666666666,25,0
24,0.2,38,True,0,0,12.0,25,0
24,0.2,39,True,0,0,9.916666666666666,18,0
24,0.2,40,True,0,0,11.583333333333334,29,0
24,0.2,41,True,0,0,10.791666666666666,22,0
24,0.2,42,True,0,0,10.0,20,0
24,0.2,43,True,0,0,9.541666666666666,27,0
24,0.2,44,True,0,0,12.75,20,0
24,0.2,45,True,0,0,8.5,20,0
24,0.2,46,True,0,0,13.625,26,0
24,0.2,47,True,0,0,13.375,30,0
24,0.2,48,True,0,0,12.916666666666666,26,0
24,0.2,49,True,0,0,10.791666666666666,23,0
24,0.3,0,True,0,0,12.625,24,0
24,0.3,1,True,0,0,12.291666666666666,27,0
24,0.3,2,True,0,0,17.333333333333332,34,0
24,0.3,3,True,0,0,12.25,26,0
24,0.3,4,True,0,0,10.333333333333334,25,0
24,0.3,5,True,0,0,12.958333333333334,28,0
24,0.3,6,True,0,0,13.333333333333334,27,0
24,0.3,7,True,0,0,12.041666666666666,30,0
24,0.3,8,True,0,0,11.708333333333334,28,0
24,0.3,9,True,0,0,12.625,35,0
24,0.3,10,True,0,0,11.333333333333334,36,0
24,0.3,11,True,0,0,13.708333333333334,29,0
24,0.3,12,True,0,0,9.791666666666666,29,0
24,0.3,13,True,0,0,14.25,28,0
24,0.3,14,True,0,0,13.083333333333334,35,0
24,0.3,15,True,0,0,11.0,25,0
24,0.3,16,True,0,0,14.125,25,0
24,0.3,17,True,0,0,11.416666666666666,29,0
24,0.3,18,True,0,0,13.625,30,0
24,0.3,19,True,0,0,11.083333333333334,24,0
24,0.3,20,True,0,0,15.041666666666666,36,0
24,0.3,21,True,0,0,12.333333333333334,24,0
24,0.3,22,True,0,0,17.083333333333332,30,0
24,0.3,23,True,0,0,11.875,27,0
24,0.3,24,True,0,0,13.583333333333334,32,0
24,0.3,25,True,0,0,13.75,28,0
24,0.3,26,True,0,0,15.75,29,0
24,0.3,27,True,0,0,12.291666666666666,25,0
24,0.3,28,True,0,0,14.5,25,0
24,0.3,29,True,0,0,13.125,26,0
24,0.3,30,True,0,0,11.75,26,0
24,0.3,31,True,0,0,11.708333333333334,25,0
24,0.3,32,True,0,0,14.25,29,0
24,0.3,33,True,0,0,12.208333333333334,25,0
24,0.3,34,True,0,0,10.625,22,0
24,0.3,35,True,0,0,12.625,28,0
24,0.3,36,True,0,0,13.416666666666666,30,0
24,0.3,37,True,0,0,12.291666666666666,26,0
24,0.3,38,True,0,0,14.416666666666666,34,0
24,0.3,39,True,0,0,10.333333333333334,20,0
24,0.3,40,True,0,0,13.333333333333334,30,0
24,0.3,41,True,0,0,12.666666666666666,29,0
24,0.3,42,True,0,0,11.375,22,0
24,0.3,43,True,0,0,10.625,21,0
24,0.3,44,True,0,0,14.583333333333334,24,0
24,0.3,45,True,0,0,10.291666666666666,23,0
24,0.3,46,True,0,0,15.125,33,0
24,0.3,47,True,0,0,17.333333333333332,49,0
24,0.3,48,True,0,0,14.291666666666666,29,0
24,0.3,49,True,0,0,12.125,24,0
