n_robots,trial,case,success,unfinished,collisions,mean_completion,makespan,plan_fail
24,0,central_live,True,0,0,7.6521739130434785,14,0
24,0,central_dead,False,3,0,58.95652173913044,400,0
24,0,decentral,True,0,0,7.956521739130435,14,0
24,0,central_dead_no_breakdown,True,0,0,8.083333333333334,16,0
24,1,central_live,True,0,0,7.2272727272727275,19,1
24,1,central_dead,False,4,0,78.36363636363636,400,0
24,1,decentral,True,0,0,7.454545454545454,19,0
24,1,central_dead_no_breakdown,True,0,0,7.875,20,0
24,2,central_live,True,0,0,10.08695652173913,18,0
24,2,central_dead,False,1,0,28.73913043478261,400,0
24,2,decentral,True,0,0,10.608695652173912,18,0
24,2,central_dead_no_breakdown,True,0,0,11.916666666666666,18,0
24,3,central_live,True,0,0,7.913043478260869,17,0
24,3,central_dead,False,3,0,59.17391304347826,400,0
24,3,decentral,True,0,0,7.956521739130435,17,0
24,3,central_dead_no_breakdown,False,2,0,40.916666666666664,400,0
24,4,central_live,True,0,0,7.130434782608695,17,0
24,4,central_dead,False,4,0,75.04347826086956,400,0
24,4,decentral,True,0,0,7.304347826086956,17,0
24,4,central_dead_no_breakdown,False,4,0,72.375,400,0
24,5,central_live,True,0,0,8.478260869565217,15,0
24,5,central_dead,False,9,0,161.6086956521739,400,0
24,5,decentral,True,0,0,8.869565217391305,15,0
24,5,central_dead_no_breakdown,False,9,0,155.29166666666666,400,0
24,6,central_live,False,1,0,25.454545454545453,400,2
24,6,central_dead,False,5,0,97.04545454545455,400,0
24,6,decentral,True,0,0,8.681818181818182,17,0
24,6,central_dead_no_breakdown,True,0,0,8.916666666666666,17,0
24,7,central_live,True,0,0,7.304347826086956,19,0
24,7,central_dead,True,0,0,7.608695652173913,19,0
24,7,decentral,True,0,0,7.6521739130434785,19,0
24,7,central_dead_no_breakdown,True,0,0,7.875,19,0
24,8,central_live,True,0,0,8.130434782608695,20,0
24,8,central_dead,True,0,0,8.521739130434783,22,0
24,8,decentral,True,0,0,8.434782608695652,20,0
24,8,central_dead_no_breakdown,True,0,0,8.708333333333334,22,0
24,9,central_live,True,0,0,7.6521739130434785,13,0
24,9,central_dead,False,2,0,42.21739130434783,400,0
24,9,decentral,True,0,0,8.652173913043478,18,0
24,9,central_dead_no_breakdown,False,2,0,40.958333333333336,400,0
24,10,central_live,True,0,0,6.3478260869565215,16,0
24,10,central_dead,False,3,0,57.391304347826086,400,0
24,10,decentral,True,0,0,6.434782608695652,16,0
24,10,central_dead_no_breakdown,True,0,0,7.375,22,0
24,11,central_live,True,0,0,9.08695652173913,18,0
24,11,central_dead,True,0,0,10.08695652173913,18,0
24,11,decentral,True,0,0,9.695652173913043,19,0
24,11,central_dead_no_breakdown,True,0,0,10.083333333333334,18,0
24,12,central_live,True,0,0,6.782608695652174,16,0
24,12,central_dead,False,3,0,58.17391304347826,400,0
24,12,decentral,True,0,0,6.826086956521739,16,0
24,12,central_dead_no_breakdown,False,2,0,40.25,400,0
24,13,central_live,True,0,0,9.363636363636363,17,1
24,13,central_dead,False,4,0,80.31818181818181,400,0
24,13,decentral,True,0,0,9.818181818181818,20,0
24,13,central_dead_no_breakdown,False,6,0,106.95833333333333,400,0
24,14,central_live,True,0,0,8.695652173913043,20,0
24,14,central_dead,False,1,0,26.695652173913043,400,0
24,14,decentral,True,0,0,8.91304347826087,20,0
24,14,central_dead_no_breakdown,False,2,0,42.208333333333336,400,0
24,15,central_live,True,0,0,7.739130434782608,16,0
24,15,central_dead,True,0,0,7.956521739130435,16,0
24,15,decentral,True,0,0,7.739130434782608,16,0
24,15,central_dead_no_breakdown,True,0,0,8.041666666666666,16,0
24,16,central_live,True,0,0,9.130434782608695,16,0
24,16,central_dead,False,2,0,43.30434782608695,400,0
24,16,decentral,True,0,0,10.0,19,0
24,16,central_dead_no_breakdown,True,0,0,10.041666666666666,19,0
24,17,central_live,True,0,0,7.695652173913044,16,0
24,17,central_dead,False,1,0,25.304347826086957,400,0
24,17,decentral,True,0,0,7.913043478260869,16,0
24,17,central_dead_no_breakdown,True,0,0,8.791666666666666,17,0
24,18,central_live,True,0,0,9.0,20,0
24,18,central_dead,True,0,0,9.73913043478261,20,0
24,18,decentral,True,0,0,9.391304347826088,20,0
24,18,central_dead_no_breakdown,True,0,0,10.0,20,0
24,19,central_live,True,0,0,7.090909090909091,16,1
24,19,central_dead,False,4,0,78.5,400,0
24,19,decentral,True,0,0,7.2727272727272725,16,0
24,19,central_dead_no_breakdown,True,0,0,7.833333333333333,16,0
24,20,central_live,True,0,0,9.772727272727273,21,1
24,20,central_dead,False,6,0,114.9090909090909,400,0
24,20,decentral,True,0,0,10.409090909090908,21,0
24,20,central_dead_no_breakdown,False,4,0,74.20833333333333,400,0
24,21,central_live,True,0,0,7.869565217391305,17,0
24,21,central_dead,False,1,0,25.391304347826086,400,0
24,21,decentral,True,0,0,8.608695652173912,17,0
24,21,central_dead_no_breakdown,True,0,0,8.541666666666666,16,0
24,22,central_live,True,0,0,8.869565217391305,15,0
24,22,central_dead,True,0,0,9.608695652173912,16,0
24,22,decentral,True,0,0,9.652173913043478,16,0
24,22,central_dead_no_breakdown,True,0,0,9.75,16,0
24,23,central_live,True,0,0,8.652173913043478,16,0
24,23,central_dead,False,4,0,76.69565217391305,400,0
24,23,decentral,True,0,0,8.91304347826087,16,0
24,23,central_dead_no_breakdown,False,4,0,74.08333333333333,400,0
24,24,central_live,True,0,0,8.608695652173912,18,0
24,24,central_dead,False,4,0,76.04347826086956,400,0
24,24,decentral,True,0,0,9.391304347826088,20,0
24,24,central_dead_no_breakdown,False,4,0,73.25,400,0
24,25,central_live,True,0,0,8.043478260869565,18,0
24,25,central_dead,False,2,0,42.69565217391305,400,0
24,25,decentral,True,0,0,8.347826086956522,18,0
24,25,central_dead_no_breakdown,False,2,0,41.5,400,0
24,26,central_live,True,0,0,9.909090909090908,17,1
24,26,central_dead,False,3,0,64.0,400,0
24,26,decentral,True,0,0,10.043478260869565,17,0
24,26,central_dead_no_breakdown,True,0,0,11.125,20,0
24,27,central_live,True,0,0,8.391304347826088,18,0
24,27,central_dead,False,4,0,76.3913043478261,400,0
24,27,decentral,True,0,0,9.043478260869565,18,0
24,27,central_dead_no_breakdown,False,4,0,73.66666666666667,400,0
24,28,central_live,True,0,0,9.130434782608695,17,0
24,28,central_dead,False,2,0,43.69565217391305,400,0
24,28,decentral,True,0,0,9.130434782608695,17,0
24,28,central_dead_no_breakdown,True,0,0,10.125,19,0
24,29,central_live,True,0,0,8.304347826086957,15,0
24,29,central_dead,False,3,0,60.130434782608695,400,0
24,29,decentral,True,0,0,9.347826086956522,25,0
24,29,central_dead_no_breakdown,False,2,0,42.166666666666664,400,0
24,30,central_live,True,0,0,7.217391304347826,17,0
24,30,central_dead,True,0,0,7.521739130434782,17,0
24,30,decentral,True,0,0,7.434782608695652,17,0
24,30,central_dead_no_breakdown,True,0,0,7.708333333333333,17,0
24,31,central_live,True,0,0,8.521739130434783,16,0
24,31,central_dead,False,2,0,42.82608695652174,400,0
24,31,decentral,True,0,0,8.565217391304348,16,0
24,31,central_dead_no_breakdown,True,0,0,9.375,16,0
24,32,central_live,True,0,0,8.363636363636363,16,1
24,32,central_dead,False,3,0,62.0,400,0
24,32,decentral,True,0,0,8.5,16,0
24,32,central_dead_no_breakdown,True,0,0,9.375,16,0
24,33,central_live,True,0,0,8.318181818181818,19,1
24,33,central_dead,False,3,0,62.09090909090909,400,0
24,33,decentral,True,0,0,8.272727272727273,19,0
24,33,central_dead_no_breakdown,True,0,0,9.625,21,0
24,34,central_live,True,0,0,7.478260869565218,16,0
24,34,central_dead,True,0,0,7.956521739130435,16,0
24,34,decentral,True,0,0,7.6521739130434785,16,0
24,34,central_dead_no_breakdown,True,0,0,8.083333333333334,16,0
24,35,central_live,True,0,0,8.782608695652174,20,0
24,35,central_dead,False,8,0,145.47826086956522,400,0
24,35,decentral,True,0,0,8.956521739130435,20,0
24,35,central_dead_no_breakdown,False,4,0,75.08333333333333,400,0
24,36,central_live,True,0,0,8.608695652173912,19,0
24,36,central_dead,True,0,0,9.304347826086957,19,0
24,36,decentral,True,0,0,9.043478260869565,19,0
24,36,central_dead_no_breakdown,True,0,0,9.416666666666666,19,0
24,37,central_live,True,0,0,7.782608695652174,19,0
24,37,central_dead,True,0,0,8.521739130434783,21,0
24,37,decentral,True,0,0,8.0,19,0
24,37,central_dead_no_breakdown,True,0,0,8.791666666666666,21,0
24,38,central_live,True,0,0,8.090909090909092,18,1
24,38,central_dead,False,1,0,27.0,400,0
24,38,decentral,True,0,0,10.590909090909092,28,0
24,38,central_dead_no_breakdown,True,0,0,10.0,20,0
24,39,central_live,True,0,0,7.826086956521739,16,0
24,39,central_dead,True,0,0,8.130434782608695,16,0
24,39,decentral,True,0,0,7.869565217391305,15,0
24,39,central_dead_no_breakdown,True,0,0,8.208333333333334,16,0
24,40,central_live,True,0,0,8.73913043478261,17,0
24,40,central_dead,True,0,0,9.347826086956522,18,0
24,40,decentral,False,1,0,27.227272727272727,400,0
24,40,central_dead_no_breakdown,True,0,0,9.291666666666666,18,0
24,41,central_live,True,0,0,8.181818181818182,17,1
24,41,central_dead,False,4,0,79.36363636363636,400,0
24,41,decentral,False,1,0,26.045454545454547,400,0
24,41,central_dead_no_breakdown,True,0,0,9.125,18,0
24,42,central_live,True,0,0,7.695652173913044,14,0
24,42,central_dead,True,0,0,7.913043478260869,14,0
24,42,decentral,True,0,0,7.782608695652174,14,0
24,42,central_dead_no_breakdown,True,0,0,8.041666666666666,14,0
24,43,central_live,True,0,0,6.782608695652174,17,0
24,43,central_dead,True,0,0,7.0,17,0
24,43,decentral,False,1,0,25.227272727272727,400,0
24,43,central_dead_no_breakdown,True,0,0,7.291666666666667,17,0
24,44,central_live,True,0,0,9.863636363636363,18,1
24,44,central_dead,False,3,0,63.63636363636363,400,0
24,44,decentral,True,0,0,9.826086956521738,18,0
24,44,central_dead_no_breakdown,True,0,0,10.791666666666666,20,0
24,45,central_live,True,0,0,6.217391304347826,16,0
24,45,central_dead,False,2,0,40.69565217391305,400,0
24,45,decentral,True,0,0,7.0,19,0
24,45,central_dead_no_breakdown,False,4,0,71.54166666666667,400,0
24,46,central_live,True,0,0,9.347826086956522,16,0
24,46,central_dead,False,6,0,111.43478260869566,400,0
24,46,decentral,True,0,0,9.956521739130435,16,0
24,46,central_dead_no_breakdown,False,6,0,107.25,400,0
24,47,central_live,True,0,0,9.565217391304348,19,0
24,47,central_dead,False,9,0,161.69565217391303,400,0
24,47,decentral,True,0,0,11.565217391304348,28,0
24,47,central_dead_no_breakdown,False,7,0,123.95833333333333,400,0
24,48,central_live,True,0,0,8.434782608695652,17,0
24,48,central_dead,True,0,0,8.695652173913043,17,0
24,48,decentral,True,0,0,9.26086956521739,18,0
24,48,central_dead_no_breakdown,True,0,0,9.041666666666666,17,0
24,49,central_live,True,0,0,8.478260869565217,19,0
24,49,central_dead,False,1,0,25.869565217391305,400,0
24,49,decentral,True,0,0,8.695652173913043,19,0
24,49,central_dead_no_breakdown,True,0,0,9.333333333333334,19,0
48,0,central_live,True,0,0,10.106382978723405,19,0
48,0,central_dead,False,26,0,226.7659574468085,400,0
48,0,decentral,True,0,0,10.829787234042554,21,0
48,0,central_dead_no_breakdown,False,27,0,230.375,400,0
48,1,central_live,True,0,0,8.804347826086957,17,1
48,1,central_dead,False,22,0,195.67391304347825,400,0
48,1,decentral,True,0,0,9.76086956521739,19,0
48,1,central_dead_no_breakdown,False,23,0,196.08333333333334,400,0
48,2,central_live,True,0,0,8.170212765957446,18,0
48,2,central_dead,False,15,0,132.80851063829786,400,0
48,2,decentral,True,0,0,8.872340425531915,20,0
48,2,central_dead_no_breakdown,False,18,0,154.35416666666666,400,0
48,3,central_live,True,0,0,9.191489361702128,18,0
48,3,central_dead,False,18,0,158.72340425531914,400,0
48,3,decentral,True,0,0,10.25531914893617,20,0
48,3,central_dead_no_breakdown,False,20,0,171.6875,400,0
48,4,central_live,True,0,0,8.191489361702128,21,0
48,4,central_dead,False,17,0,149.74468085106383,400,0
48,4,decentral,True,0,0,8.957446808510639,23,0
48,4,central_dead_no_breakdown,False,14,0,122.625,400,0
48,5,central_live,False,1,0,17.804347826086957,400,2
48,5,central_dead,False,17,0,153.15217391304347,400,0
48,5,decentral,True,0,0,9.76086956521739,18,0
48,5,central_dead_no_breakdown,False,12,0,107.14583333333333,400,0
48,6,central_live,True,0,0,8.702127659574469,18,0
48,6,central_dead,False,9,0,85.14893617021276,400,0
48,6,decentral,True,0,0,10.319148936170214,21,0
48,6,central_dead_no_breakdown,False,11,0,99.625,400,0
48,7,central_live,True,0,0,8.085106382978724,18,0
48,7,central_dead,False,9,0,83.8936170212766,400,0
48,7,decentral,True,0,0,8.574468085106384,18,0
48,7,central_dead_no_breakdown,False,9,0,82.5625,400,0
48,8,central_live,True,0,0,8.361702127659575,18,0
48,8,central_dead,False,18,0,157.85106382978722,400,0
48,8,decentral,True,0,0,9.702127659574469,29,0
48,8,central_dead_no_breakdown,False,16,0,138.79166666666666,400,0
48,9,central_live,True,0,0,9.065217391304348,19,1
48,9,central_dead,False,12,0,112.84782608695652,400,0
48,9,decentral,True,0,0,9.391304347826088,21,0
48,9,central_dead_no_breakdown,False,8,0,77.83333333333333,400,0
48,10,central_live,True,0,0,8.446808510638299,17,0
48,10,central_dead,False,20,0,175.61702127659575,400,0
48,10,decentral,True,0,0,8.659574468085106,17,0
48,10,central_dead_no_breakdown,False,21,0,180.29166666666666,400,0
48,11,central_live,True,0,0,8.0,16,0
48,11,central_dead,False,14,0,124.55319148936171,400,0
48,11,decentral,True,0,0,9.5,21,0
48,11,central_dead_no_breakdown,False,13,0,114.25,400,0
48,12,central_live,True,0,0,7.404255319148936,15,0
48,12,central_dead,False,7,0,66.27659574468085,400,0
48,12,decentral,True,0,0,8.106382978723405,17,0
48,12,central_dead_no_breakdown,False,8,0,73.22916666666667,400,0
48,13,central_live,True,0,0,8.53191489361702,16,0
48,13,central_dead,False,24,0,207.7872340425532,400,0
48,13,decentral,True,0,0,9.382978723404255,20,0
48,13,central_dead_no_breakdown,False,23,0,195.91666666666666,400,0
48,14,central_live,True,0,0,8.872340425531915,18,0
48,14,central_dead,False,27,0,232.93617021276594,400,0
48,14,decentral,True,0,0,10.659574468085106,33,0
48,14,central_dead_no_breakdown,False,27,0,228.20833333333334,400,0
48,15,central_live,True,0,0,8.085106382978724,19,0
48,15,central_dead,False,15,0,133.5531914893617,400,0
48,15,decentral,True,0,0,9.478260869565217,19,0
48,15,central_dead_no_breakdown,False,14,0,123.10416666666667,400,0
48,16,central_live,True,0,0,8.957446808510639,19,0
48,16,central_dead,False,27,0,232.85106382978722,400,0
48,16,decentral,True,0,0,9.787234042553191,20,0
48,16,central_dead_no_breakdown,False,28,0,236.33333333333334,400,0
48,17,central_live,True,0,0,9.369565217391305,17,1
48,17,central_dead,False,27,0,238.2826086956522,400,0
48,17,decentral,False,1,0,18.67391304347826,400,0
48,17,central_dead_no_breakdown,False,28,0,236.95833333333334,400,0
48,18,central_live,True,0,0,8.936170212765957,19,0
48,18,central_dead,False,6,0,60.04255319148936,400,0
48,18,decentral,True,0,0,9.72340425531915,23,0
48,18,central_dead_no_breakdown,False,5,0,51.145833333333336,400,0
48,19,central_live,True,0,0,9.191489361702128,19,0
48,19,central_dead,False,27,0,233.5531914893617,400,0
48,19,decentral,True,0,0,10.638297872340425,33,0
48,19,central_dead_no_breakdown,False,27,0,228.91666666666666,400,0
48,20,central_live,True,0,0,8.680851063829786,15,0
48,20,central_dead,False,27,0,232.87234042553192,400,0
48,20,decentral,True,0,0,9.680851063829786,20,0
48,20,central_dead_no_breakdown,False,27,0,228.29166666666666,400,0
48,21,central_live,True,0,0,8.617021276595745,17,0
48,21,central_dead,False,19,0,166.91489361702128,400,0
48,21,decentral,True,0,0,9.042553191489361,20,0
48,21,central_dead_no_breakdown,False,18,0,155.64583333333334,400,0
48,22,central_live,True,0,0,8.76595744680851,17,0
48,22,central_dead,False,21,0,183.29787234042553,400,0
48,22,decentral,True,0,0,9.72340425531915,24,0
48,22,central_dead_no_breakdown,False,19,0,163.79166666666666,400,0
48,23,central_live,True,0,0,8.446808510638299,17,0
48,23,central_dead,False,10,0,93.40425531914893,400,0
48,23,decentral,True,0,0,9.148936170212766,21,0
48,23,central_dead_no_breakdown,False,6,0,59.6875,400,0
48,24,central_live,True,0,0,9.0,18,0
48,24,central_dead,False,19,0,168.0,400,0
48,24,decentral,True,0,0,10.0,24,0
48,24,central_dead_no_breakdown,False,20,0,172.83333333333334,400,0
48,25,central_live,True,0,0,8.638297872340425,17,0
48,25,central_dead,False,17,0,149.9787234042553,400,0
48,25,decentral,True,0,0,8.851063829787234,18,0
48,25,central_dead_no_breakdown,False,14,0,123.08333333333333,400,0
48,26,central_live,True,0,0,8.638297872340425,15,0
48,26,central_dead,False,14,0,126.74468085106383,400,0
48,26,decentral,True,0,0,9.914893617021276,21,0
48,26,central_dead_no_breakdown,False,15,0,132.4375,400,0
48,27,central_live,True,0,0,9.127659574468085,20,0
48,27,central_dead,False,16,0,142.2340425531915,400,0
48,27,decentral,True,0,0,10.085106382978724,23,0
48,27,central_dead_no_breakdown,False,17,0,147.4375,400,0
48,28,central_live,True,0,0,7.413043478260869,18,1
48,28,central_dead,False,4,0,42.47826086956522,400,0
48,28,decentral,True,0,0,7.8478260869565215,19,0
48,28,central_dead_no_breakdown,True,0,0,9.458333333333334,22,0
48,29,central_live,True,0,0,8.297872340425531,16,0
48,29,central_dead,False,11,0,100.14893617021276,400,0
48,29,decentral,True,0,0,9.702127659574469,23,0
48,29,central_dead_no_breakdown,False,3,0,35.0625,400,0
48,30,central_live,True,0,0,8.808510638297872,17,0
48,30,central_dead,False,22,0,191.53191489361703,400,0
48,30,decentral,True,0,0,9.106382978723405,19,0
48,30,central_dead_no_breakdown,False,26,0,220.02083333333334,400,0
48,31,central_live,True,0,0,9.659574468085106,19,0
48,31,central_dead,False,27,0,233.4468085106383,400,0
48,31,decentral,True,0,0,10.297872340425531,20,0
48,31,central_dead_no_breakdown,False,28,0,236.91666666666666,400,0
48,32,central_live,True,0,0,9.595744680851064,20,0
48,32,central_dead,False,26,0,225.63829787234042,400,0
48,32,decentral,True,0,0,10.53191489361702,21,0
48,32,central_dead_no_breakdown,False,27,0,229.27083333333334,400,0
48,33,central_live,True,0,0,8.851063829787234,18,0
48,33,central_dead,False,22,0,192.2340425531915,400,0
48,33,decentral,True,0,0,10.148936170212766,23,0
48,33,central_dead_no_breakdown,False,21,0,180.375,400,0
48,34,central_live,True,0,0,7.851063829787234,18,0
48,34,central_dead,False,15,0,132.68085106382978,400,0
48,34,decentral,True,0,0,8.574468085106384,24,0
48,34,central_dead_no_breakdown,False,15,0,130.10416666666666,400,0
48,35,central_live,False,1,0,17.347826086956523,400,2
48,35,central_dead,False,16,0,145.04347826086956,400,0
48,35,decentral,True,0,0,9.652173913043478,20,0
48,35,central_dead_no_breakdown,False,19,0,163.41666666666666,400,0
48,36,central_live,True,0,0,7.9361702127659575,15,0
48,36,central_dead,False,13,0,116.36170212765957,400,0
48,36,decentral,True,0,0,9.106382978723405,19,0
48,36,central_dead_no_breakdown,False,9,0,81.95833333333333,400,0
48,37,central_live,True,0,0,8.434782608695652,18,1
48,37,central_dead,False,16,0,144.58695652173913,400,0
48,37,decentral,True,0,0,9.173913043478262,18,0
48,37,central_dead_no_breakdown,False,13,0,114.91666666666667,400,0
48,38,central_live,True,0,0,7.869565217391305,18,1
48,38,central_dead,False,16,0,143.7608695652174,400,0
48,38,decentral,True,0,0,7.956521739130435,18,0
48,38,central_dead_no_breakdown,False,16,0,138.29166666666666,400,0
48,39,central_live,False,2,0,25.869565217391305,400,3
48,39,central_dead,False,23,0,204.34782608695653,400,0
48,39,decentral,True,0,0,9.58695652173913,21,0
48,39,central_dead_no_breakdown,False,26,0,220.60416666666666,400,0
48,40,central_live,True,0,0,8.829787234042554,16,0
48,40,central_dead,False,27,0,233.4468085106383,400,0
48,40,decentral,True,0,0,9.957446808510639,21,0
48,40,central_dead_no_breakdown,False,16,0,140.625,400,0
48,41,central_live,False,1,0,18.02173913043478,400,2
48,41,central_dead,False,13,0,120.73913043478261,400,0
48,41,decentral,True,0,0,10.446808510638299,20,0
48,41,central_dead_no_breakdown,False,9,0,84.33333333333333,400,0
48,42,central_live,True,0,0,7.723404255319149,20,0
48,42,central_dead,False,10,0,92.91489361702128,400,0
48,42,decentral,True,0,0,8.212765957446809,20,0
48,42,central_dead_no_breakdown,False,15,0,131.58333333333334,400,0
48,43,central_live,True,0,0,8.617021276595745,16,0
48,43,central_dead,False,16,0,142.25531914893617,400,0
48,43,decentral,True,0,0,10.0,23,0
48,43,central_dead_no_breakdown,False,15,0,131.5,400,0
48,44,central_live,True,0,0,8.41304347826087,21,1
48,44,central_dead,False,13,0,119.23913043478261,400,0
48,44,decentral,True,0,0,9.130434782608695,21,0
48,44,central_dead_no_breakdown,False,12,0,106.5625,400,0
48,45,central_live,True,0,0,8.638297872340425,17,0
48,45,central_dead,False,23,0,200.0,400,0
48,45,decentral,True,0,0,9.148936170212766,17,0
48,45,central_dead_no_breakdown,False,23,0,196.0625,400,0
48,46,central_live,True,0,0,9.382978723404255,19,0
48,46,central_dead,False,22,0,192.2340425531915,400,0
48,46,decentral,True,0,0,9.829787234042554,21,0
48,46,central_dead_no_breakdown,False,20,0,172.45833333333334,400,0
48,47,central_live,True,0,0,9.27659574468085,18,0
48,47,central_dead,False,21,0,184.19148936170214,400,0
48,47,decentral,True,0,0,10.063829787234043,20,0
48,47,central_dead_no_breakdown,False,22,0,188.6875,400,0
48,48,central_live,True,0,0,8.063829787234043,17,0
48,48,central_dead,False,18,0,157.72340425531914,400,0
48,48,decentral,True,0,0,9.319148936170214,18,0
48,48,central_dead_no_breakdown,False,19,0,162.77083333333334,400,0
48,49,central_live,True,0,0,8.347826086956522,16,1
48,49,central_dead,False,9,0,85.65217391304348,400,0
48,49,decentral,True,0,0,9.108695652173912,20,0
48,49,central_dead_no_breakdown,False,8,0,74.33333333333333,400,0
