n_robots,condition,trials,success_pct,collisions,mean_completion,mean_unfinished,msgs_per_trial
24,ideal radio,20,100.0,0,8.554166666666667,0,23700.6
24,loss 5%,20,100.0,0,9.883333333333333,0,27500.2
24,loss 10%,20,100.0,0,11.83125,0,32278.4
24,loss 20%,20,100.0,0,15.808333333333334,0,43046.5
24,loss 30%,20,100.0,0,20.79375,0,56235.2
24,radio dead 5% of ticks,20,100.0,0,10.279166666666667,0,25613.7
24,radio dead 10% of ticks,20,100.0,0,12.377083333333333,0,27357.4
24,radio dead 20% of ticks,20,100.0,0,18.45625,0,31647
24,range 6 cells,20,95.0,0,13.795833333333333,0.45,13144.6
24,rounds=2,20,95.0,0,10.827083333333333,0.25,10577.1
24,rounds=4,20,100.0,0,8.58125,0,16976.5
24,rounds=10,20,100.0,0,8.554166666666667,0,37243.8
24,parked robots stay as obstacles,20,95.0,0,9.860416666666667,0.1,85201.2
