n_robots,trial,policy,success,unfinished,collisions,mean_completion,makespan,plan_fail
3,0,stop_and_wait,True,0,0,4.0,4,0
3,0,central,True,0,0,3.6666666666666665,4,0
3,0,decentral,True,0,0,3.6666666666666665,4,0
3,1,stop_and_wait,True,0,0,8.666666666666666,14,0
3,1,central,True,0,0,8.666666666666666,14,0
3,1,decentral,True,0,0,8.666666666666666,14,0
3,2,stop_and_wait,True,0,0,7.0,8,0
3,2,central,True,0,0,7.0,8,0
3,2,decentral,True,0,0,7.0,8,0
3,3,stop_and_wait,True,0,0,5.333333333333333,8,0
3,3,central,True,0,0,5.333333333333333,8,0
3,3,decentral,True,0,0,5.333333333333333,8,0
3,4,stop_and_wait,True,0,0,9.666666666666666,17,0
3,4,central,True,0,0,9.666666666666666,17,0
3,4,decentral,True,0,0,9.666666666666666,17,0
3,5,stop_and_wait,True,0,0,4.333333333333333,7,0
3,5,central,True,0,0,4.333333333333333,7,0
3,5,decentral,True,0,0,4.333333333333333,7,0
3,6,stop_and_wait,True,0,0,9.0,11,0
3,6,central,True,0,0,9.0,11,0
3,6,decentral,True,0,0,9.0,11,0
3,7,stop_and_wait,False,2,0,270.3333333333333,400,0
3,7,central,True,0,0,7.333333333333333,11,0
3,7,decentral,True,0,0,8.0,11,0
3,8,stop_and_wait,True,0,0,9.0,11,0
3,8,central,True,0,0,9.0,11,0
3,8,decentral,True,0,0,9.0,11,0
3,9,stop_and_wait,True,0,0,10.0,12,0
3,9,central,True,0,0,10.0,12,0
3,9,decentral,True,0,0,10.0,12,0
3,10,stop_and_wait,True,0,0,7.333333333333333,11,0
3,10,central,True,0,0,7.333333333333333,11,0
3,10,decentral,True,0,0,7.333333333333333,11,0
3,11,stop_and_wait,True,0,0,7.0,10,0
3,11,central,True,0,0,6.666666666666667,10,0
3,11,decentral,True,0,0,6.666666666666667,10,0
3,12,stop_and_wait,True,0,0,6.0,9,0
3,12,central,True,0,0,6.0,9,0
3,12,decentral,True,0,0,6.0,9,0
3,13,stop_and_wait,True,0,0,10.666666666666666,16,0
3,13,central,True,0,0,10.666666666666666,16,0
3,13,decentral,True,0,0,10.666666666666666,16,0
3,14,stop_and_wait,True,0,0,9.666666666666666,13,0
3,14,central,True,0,0,9.666666666666666,13,0
3,14,decentral,True,0,0,9.666666666666666,13,0
3,15,stop_and_wait,True,0,0,11.333333333333334,16,0
3,15,central,True,0,0,11.333333333333334,16,0
3,15,decentral,True,0,0,11.333333333333334,16,0
3,16,stop_and_wait,True,0,0,6.0,8,0
3,16,central,True,0,0,6.0,8,0
3,16,decentral,True,0,0,6.0,8,0
3,17,stop_and_wait,True,0,0,8.666666666666666,16,0
3,17,central,True,0,0,8.666666666666666,16,0
3,17,decentral,True,0,0,8.666666666666666,16,0
3,18,stop_and_wait,True,0,0,6.333333333333333,12,0
3,18,central,True,0,0,6.333333333333333,12,0
3,18,decentral,True,0,0,6.333333333333333,12,0
3,19,stop_and_wait,True,0,0,9.0,14,0
3,19,central,True,0,0,9.0,14,0
3,19,decentral,True,0,0,9.0,14,0
3,20,stop_and_wait,True,0,0,8.666666666666666,14,0
3,20,central,True,0,0,8.0,14,0
3,20,decentral,True,0,0,8.0,14,0
3,21,stop_and_wait,False,2,0,268.0,400,0
3,21,central,True,0,0,10.333333333333334,16,0
3,21,decentral,True,0,0,10.333333333333334,16,0
3,22,stop_and_wait,True,0,0,3.3333333333333335,4,0
3,22,central,True,0,0,3.3333333333333335,4,0
3,22,decentral,True,0,0,3.3333333333333335,4,0
3,23,stop_and_wait,True,0,0,5.333333333333333,7,0
3,23,central,True,0,0,5.333333333333333,7,0
3,23,decentral,True,0,0,5.333333333333333,7,0
3,24,stop_and_wait,True,0,0,6.333333333333333,9,0
3,24,central,True,0,0,6.333333333333333,9,0
3,24,decentral,True,0,0,6.333333333333333,9,0
3,25,stop_and_wait,True,0,0,5.0,6,0
3,25,central,True,0,0,5.0,6,0
3,25,decentral,True,0,0,5.0,6,0
3,26,stop_and_wait,True,0,0,12.666666666666666,14,0
3,26,central,True,0,0,12.666666666666666,14,0
3,26,decentral,True,0,0,12.666666666666666,14,0
3,27,stop_and_wait,False,2,0,271.6666666666667,400,0
3,27,central,True,0,0,14.666666666666666,16,0
3,27,decentral,True,0,0,16.0,17,0
3,28,stop_and_wait,True,0,0,7.666666666666667,10,0
3,28,central,True,0,0,7.666666666666667,10,0
3,28,decentral,True,0,0,7.666666666666667,10,0
3,29,stop_and_wait,True,0,0,5.0,9,0
3,29,central,True,0,0,4.666666666666667,9,0
3,29,decentral,True,0,0,4.666666666666667,9,0
3,30,stop_and_wait,True,0,0,8.0,15,0
3,30,central,True,0,0,7.666666666666667,15,0
3,30,decentral,True,0,0,7.666666666666667,15,0
3,31,stop_and_wait,True,0,0,5.666666666666667,14,0
3,31,central,True,0,0,5.666666666666667,14,0
3,31,decentral,True,0,0,5.666666666666667,14,0
3,32,stop_and_wait,True,0,0,5.333333333333333,6,0
3,32,central,True,0,0,5.0,6,0
3,32,decentral,True,0,0,5.0,6,0
3,33,stop_and_wait,True,0,0,9.333333333333334,11,0
3,33,central,True,0,0,9.0,10,0
3,33,decentral,True,0,0,9.0,10,0
3,34,stop_and_wait,True,0,0,9.0,12,0
3,34,central,True,0,0,9.0,12,0
3,34,decentral,True,0,0,9.0,12,0
3,35,stop_and_wait,True,0,0,4.666666666666667,8,0
3,35,central,True,0,0,4.666666666666667,8,0
3,35,decentral,True,0,0,4.666666666666667,8,0
3,36,stop_and_wait,True,0,0,7.666666666666667,11,0
3,36,central,True,0,0,7.333333333333333,11,0
3,36,decentral,True,0,0,7.333333333333333,11,0
3,37,stop_and_wait,True,0,0,5.666666666666667,8,0
3,37,central,True,0,0,5.333333333333333,7,0
3,37,decentral,True,0,0,5.333333333333333,7,0
3,38,stop_and_wait,True,0,0,5.333333333333333,7,0
3,38,central,True,0,0,5.333333333333333,7,0
3,38,decentral,True,0,0,5.333333333333333,7,0
3,39,stop_and_wait,True,0,0,8.0,15,0
3,39,central,True,0,0,8.0,15,0
3,39,decentral,True,0,0,8.0,15,0
3,40,stop_and_wait,True,0,0,12.333333333333334,21,0
3,40,central,True,0,0,12.0,20,0
3,40,decentral,True,0,0,12.0,20,0
3,41,stop_and_wait,True,0,0,7.666666666666667,9,0
3,41,central,True,0,0,7.666666666666667,9,0
3,41,decentral,True,0,0,7.666666666666667,9,0
3,42,stop_and_wait,True,0,0,6.666666666666667,12,0
3,42,central,True,0,0,6.333333333333333,12,0
3,42,decentral,True,0,0,6.333333333333333,12,0
3,43,stop_and_wait,True,0,0,7.333333333333333,9,0
3,43,central,True,0,0,7.333333333333333,9,0
3,43,decentral,True,0,0,7.333333333333333,9,0
3,44,stop_and_wait,True,0,0,7.333333333333333,14,0
3,44,central,True,0,0,7.333333333333333,14,0
3,44,decentral,True,0,0,7.333333333333333,14,0
3,45,stop_and_wait,True,0,0,6.333333333333333,9,0
3,45,central,True,0,0,6.333333333333333,9,0
3,45,decentral,True,0,0,6.333333333333333,9,0
3,46,stop_and_wait,True,0,0,8.666666666666666,12,0
3,46,central,True,0,0,8.333333333333334,12,0
3,46,decentral,True,0,0,8.333333333333334,12,0
3,47,stop_and_wait,True,0,0,6.666666666666667,9,0
3,47,central,True,0,0,6.666666666666667,9,0
3,47,decentral,True,0,0,6.666666666666667,9,0
3,48,stop_and_wait,True,0,0,7.666666666666667,10,0
3,48,central,True,0,0,7.666666666666667,10,0
3,48,decentral,True,0,0,7.666666666666667,10,0
3,49,stop_and_wait,True,0,0,8.333333333333334,13,0
3,49,central,True,0,0,8.333333333333334,13,0
3,49,decentral,True,0,0,8.333333333333334,13,0
6,0,stop_and_wait,True,0,0,7.666666666666667,15,0
6,0,central,True,0,0,7.333333333333333,14,0
6,0,decentral,True,0,0,7.333333333333333,14,0
6,1,stop_and_wait,False,2,0,136.66666666666666,400,0
6,1,central,True,0,0,7.5,14,0
6,1,decentral,True,0,0,7.5,14,0
6,2,stop_and_wait,True,0,0,9.5,15,0
6,2,central,True,0,0,9.0,14,0
6,2,decentral,True,0,0,9.0,14,0
6,3,stop_and_wait,True,0,0,5.666666666666667,9,0
6,3,central,True,0,0,5.666666666666667,9,0
6,3,decentral,True,0,0,5.666666666666667,9,0
6,4,stop_and_wait,False,3,0,204.66666666666666,400,0
6,4,central,True,0,0,10.166666666666666,14,0
6,4,decentral,True,0,0,10.166666666666666,14,0
6,5,stop_and_wait,True,0,0,7.833333333333333,14,0
6,5,central,True,0,0,7.833333333333333,14,0
6,5,decentral,True,0,0,7.833333333333333,14,0
6,6,stop_and_wait,False,2,0,140.66666666666666,400,0
6,6,central,True,0,0,11.666666666666666,17,0
6,6,decentral,True,0,0,12.166666666666666,17,0
6,7,stop_and_wait,True,0,0,7.833333333333333,15,0
6,7,central,True,0,0,7.833333333333333,15,0
6,7,decentral,True,0,0,7.833333333333333,15,0
6,8,stop_and_wait,False,3,0,204.66666666666666,400,0
6,8,central,True,0,0,8.5,15,0
6,8,decentral,True,0,0,8.5,15,0
6,9,stop_and_wait,False,4,0,269.5,400,0
6,9,central,True,0,0,10.0,15,0
6,9,decentral,True,0,0,10.0,15,0
6,10,stop_and_wait,True,0,0,6.333333333333333,10,0
6,10,central,True,0,0,6.166666666666667,10,0
6,10,decentral,True,0,0,6.166666666666667,10,0
6,11,stop_and_wait,True,0,0,9.166666666666666,14,0
6,11,central,True,0,0,9.0,13,0
6,11,decentral,True,0,0,9.0,13,0
6,12,stop_and_wait,False,2,0,139.0,400,0
6,12,central,True,0,0,7.5,15,0
6,12,decentral,True,0,0,8.833333333333334,16,0
6,13,stop_and_wait,True,0,0,8.666666666666666,14,0
6,13,central,True,0,0,8.666666666666666,14,0
6,13,decentral,True,0,0,8.666666666666666,14,0
6,14,stop_and_wait,False,2,0,136.0,400,0
6,14,central,True,0,0,5.333333333333333,11,0
6,14,decentral,True,0,0,5.333333333333333,11,0
6,15,stop_and_wait,True,0,0,8.166666666666666,15,0
6,15,central,True,0,0,7.833333333333333,15,0
6,15,decentral,True,0,0,7.833333333333333,15,0
6,16,stop_and_wait,True,0,0,6.666666666666667,10,0
6,16,central,True,0,0,6.666666666666667,10,0
6,16,decentral,True,0,0,6.666666666666667,10,0
6,17,stop_and_wait,True,0,0,8.5,10,0
6,17,central,True,0,0,7.833333333333333,10,0
6,17,decentral,True,0,0,7.833333333333333,10,0
6,18,stop_and_wait,False,2,0,137.5,400,0
6,18,central,True,0,0,6.333333333333333,10,0
6,18,decentral,True,0,0,6.666666666666667,10,0
6,19,stop_and_wait,True,0,0,9.166666666666666,18,0
6,19,central,True,0,0,8.833333333333334,18,0
6,19,decentral,True,0,0,8.833333333333334,18,0
6,20,stop_and_wait,True,0,0,5.166666666666667,9,0
6,20,central,True,0,0,5.0,9,0
6,20,decentral,True,0,0,5.0,9,0
6,21,stop_and_wait,True,0,0,7.666666666666667,17,0
6,21,central,True,0,0,7.333333333333333,16,0
6,21,decentral,True,0,0,7.333333333333333,16,0
6,22,stop_and_wait,True,0,0,7.333333333333333,18,0
6,22,central,True,0,0,7.333333333333333,18,0
6,22,decentral,True,0,0,7.333333333333333,18,0
6,23,stop_and_wait,True,0,0,8.0,11,0
6,23,central,True,0,0,7.666666666666667,10,0
6,23,decentral,True,0,0,7.666666666666667,10,0
6,24,stop_and_wait,True,0,0,5.833333333333333,12,0
6,24,central,True,0,0,5.833333333333333,12,0
6,24,decentral,True,0,0,5.833333333333333,12,0
6,25,stop_and_wait,True,0,0,8.0,11,0
6,25,central,True,0,0,7.833333333333333,11,0
6,25,decentral,True,0,0,7.833333333333333,11,0
6,26,stop_and_wait,True,0,0,10.666666666666666,17,0
6,26,central,True,0,0,10.333333333333334,16,0
6,26,decentral,True,0,0,10.333333333333334,16,0
6,27,stop_and_wait,True,0,0,9.833333333333334,14,0
6,27,central,True,0,0,9.666666666666666,13,0
6,27,decentral,True,0,0,9.666666666666666,13,0
6,28,stop_and_wait,False,3,0,202.83333333333334,400,0
6,28,central,True,0,0,7.5,16,0
6,28,decentral,True,0,0,9.666666666666666,18,0
6,29,stop_and_wait,False,2,0,140.33333333333334,400,0
6,29,central,True,0,0,10.0,15,0
6,29,decentral,True,0,0,10.333333333333334,15,0
6,30,stop_and_wait,False,2,0,141.5,400,0
6,30,central,True,0,0,11.333333333333334,19,0
6,30,decentral,True,0,0,11.333333333333334,19,0
6,31,stop_and_wait,True,0,0,8.5,12,0
6,31,central,True,0,0,8.166666666666666,12,0
6,31,decentral,True,0,0,8.333333333333334,13,0
6,32,stop_and_wait,True,0,0,6.666666666666667,12,0
6,32,central,True,0,0,6.5,12,0
6,32,decentral,True,0,0,6.5,12,0
6,33,stop_and_wait,False,3,0,203.16666666666666,400,0
6,33,central,True,0,0,9.333333333333334,18,0
6,33,decentral,True,0,0,9.333333333333334,18,0
6,34,stop_and_wait,True,0,0,9.0,14,0
6,34,central,True,0,0,8.833333333333334,14,0
6,34,decentral,True,0,0,8.833333333333334,14,0
6,35,stop_and_wait,True,0,0,7.5,14,0
6,35,central,True,0,0,7.166666666666667,14,0
6,35,decentral,True,0,0,7.166666666666667,14,0
6,36,stop_and_wait,False,2,0,138.5,400,0
6,36,central,True,0,0,8.5,12,0
6,36,decentral,True,0,0,8.833333333333334,13,0
6,37,stop_and_wait,True,0,0,9.166666666666666,12,0
6,37,central,True,0,0,9.166666666666666,12,0
6,37,decentral,True,0,0,9.166666666666666,12,0
6,38,stop_and_wait,True,0,0,7.333333333333333,12,0
6,38,central,True,0,0,7.166666666666667,11,0
6,38,decentral,True,0,0,7.166666666666667,11,0
6,39,stop_and_wait,True,0,0,5.0,9,0
6,39,central,True,0,0,5.0,9,0
6,39,decentral,True,0,0,5.0,9,0
6,40,stop_and_wait,True,0,0,7.833333333333333,14,0
6,40,central,True,0,0,7.666666666666667,14,0
6,40,decentral,True,0,0,7.666666666666667,14,0
6,41,stop_and_wait,True,0,0,7.833333333333333,11,0
6,41,central,True,0,0,7.5,11,0
6,41,decentral,True,0,0,7.666666666666667,11,0
6,42,stop_and_wait,True,0,0,7.666666666666667,18,0
6,42,central,True,0,0,7.666666666666667,18,0
6,42,decentral,True,0,0,7.666666666666667,18,0
6,43,stop_and_wait,False,2,0,138.83333333333334,400,0
6,43,central,True,0,0,8.833333333333334,16,0
6,43,decentral,True,0,0,8.833333333333334,16,0
6,44,stop_and_wait,True,0,0,8.666666666666666,11,0
6,44,central,True,0,0,8.5,11,0
6,44,decentral,True,0,0,8.5,11,0
6,45,stop_and_wait,True,0,0,8.0,12,0
6,45,central,True,0,0,7.666666666666667,10,0
6,45,decentral,True,0,0,7.666666666666667,10,0
6,46,stop_and_wait,False,3,0,201.83333333333334,400,0
6,46,central,True,0,0,6.0,12,0
6,46,decentral,True,0,0,6.0,12,0
6,47,stop_and_wait,False,2,0,138.83333333333334,400,0
6,47,central,True,0,0,8.0,12,0
6,47,decentral,True,0,0,9.333333333333334,14,0
6,48,stop_and_wait,False,2,0,137.16666666666666,400,0
6,48,central,True,0,0,7.666666666666667,12,0
6,48,decentral,True,0,0,9.0,20,0
6,49,stop_and_wait,True,0,0,5.0,8,0
6,49,central,True,0,0,5.0,8,0
6,49,decentral,True,0,0,5.0,8,0
12,0,stop_and_wait,False,4,0,137.91666666666666,400,0
12,0,central,True,0,0,8.833333333333334,15,0
12,0,decentral,True,0,0,8.916666666666666,15,0
12,1,stop_and_wait,False,7,0,236.66666666666666,400,0
12,1,central,True,0,0,10.0,16,0
12,1,decentral,True,0,0,10.416666666666666,16,0
12,2,stop_and_wait,False,2,0,74.16666666666667,400,0
12,2,central,True,0,0,7.833333333333333,12,0
12,2,decentral,True,0,0,7.833333333333333,12,0
12,3,stop_and_wait,False,2,0,72.16666666666667,400,0
12,3,central,True,0,0,7.333333333333333,14,0
12,3,decentral,True,0,0,7.333333333333333,14,0
12,4,stop_and_wait,True,0,0,8.25,14,0
12,4,central,True,0,0,8.0,13,0
12,4,decentral,True,0,0,8.0,13,0
12,5,stop_and_wait,True,0,0,8.333333333333334,14,0
12,5,central,True,0,0,8.083333333333334,14,0
12,5,decentral,True,0,0,8.166666666666666,14,0
12,6,stop_and_wait,False,2,0,74.83333333333333,400,0
12,6,central,True,0,0,8.5,19,0
12,6,decentral,True,0,0,8.833333333333334,19,0
12,7,stop_and_wait,False,3,0,107.08333333333333,400,0
12,7,central,True,0,0,9.75,13,0
12,7,decentral,True,0,0,9.75,13,0
12,8,stop_and_wait,False,2,0,73.75,400,0
12,8,central,True,0,0,8.25,17,0
12,8,decentral,True,0,0,8.583333333333334,19,0
12,9,stop_and_wait,False,5,0,170.91666666666666,400,0
12,9,central,True,0,0,7.333333333333333,13,0
12,9,decentral,True,0,0,7.416666666666667,13,0
12,10,stop_and_wait,True,0,0,9.083333333333334,16,0
12,10,central,True,0,0,8.666666666666666,16,0
12,10,decentral,True,0,0,8.666666666666666,16,0
12,11,stop_and_wait,False,6,0,205.16666666666666,400,0
12,11,central,True,0,0,10.416666666666666,16,0
12,11,decentral,True,0,0,10.75,16,0
12,12,stop_and_wait,False,6,0,203.33333333333334,400,0
12,12,central,True,0,0,6.5,11,0
12,12,decentral,True,0,0,6.583333333333333,11,0
12,13,stop_and_wait,False,2,0,73.33333333333333,400,0
12,13,central,True,0,0,7.0,15,0
12,13,decentral,True,0,0,7.583333333333333,15,0
12,14,stop_and_wait,False,5,0,171.83333333333334,400,0
12,14,central,True,0,0,7.833333333333333,14,0
12,14,decentral,True,0,0,7.833333333333333,14,0
12,15,stop_and_wait,False,3,0,105.58333333333333,400,0
12,15,central,True,0,0,7.75,16,0
12,15,decentral,True,0,0,7.75,16,0
12,16,stop_and_wait,False,4,0,138.25,400,0
12,16,central,True,0,0,8.916666666666666,14,0
12,16,decentral,True,0,0,9.083333333333334,15,0
12,17,stop_and_wait,True,0,0,10.166666666666666,16,0
12,17,central,True,0,0,8.583333333333334,14,0
12,17,decentral,True,0,0,9.583333333333334,19,0
12,18,stop_and_wait,False,7,0,236.58333333333334,400,0
12,18,central,True,0,0,8.833333333333334,13,0
12,18,decentral,True,0,0,8.75,13,0
12,19,stop_and_wait,False,5,0,170.83333333333334,400,0
12,19,central,True,0,0,6.75,10,0
12,19,decentral,True,0,0,7.0,10,0
12,20,stop_and_wait,False,2,0,75.58333333333333,400,0
12,20,central,True,0,0,10.666666666666666,22,0
12,20,decentral,True,0,0,10.666666666666666,22,0
12,21,stop_and_wait,False,7,0,236.58333333333334,400,0
12,21,central,True,0,0,9.666666666666666,16,0
12,21,decentral,True,0,0,10.083333333333334,18,0
12,22,stop_and_wait,True,0,0,7.25,12,0
12,22,central,True,0,0,6.833333333333333,13,0
12,22,decentral,True,0,0,6.833333333333333,13,0
12,23,stop_and_wait,False,3,0,105.0,400,0
12,23,central,True,0,0,7.5,14,0
12,23,decentral,True,0,0,7.5,14,0
12,24,stop_and_wait,False,4,0,138.33333333333334,400,0
12,24,central,True,0,0,9.25,18,0
12,24,decentral,True,0,0,9.833333333333334,18,0
12,25,stop_and_wait,False,5,0,170.5,400,0
12,25,central,True,0,0,7.583333333333333,14,0
12,25,decentral,True,0,0,7.75,14,0
12,26,stop_and_wait,False,2,0,74.66666666666667,400,0
12,26,central,True,0,0,9.25,18,0
12,26,decentral,True,0,0,9.333333333333334,18,0
12,27,stop_and_wait,True,0,0,7.833333333333333,14,0
12,27,central,True,0,0,7.25,14,0
12,27,decentral,True,0,0,7.25,14,0
12,28,stop_and_wait,True,0,0,9.25,19,0
12,28,central,True,0,0,8.083333333333334,16,0
12,28,decentral,True,0,0,8.166666666666666,16,0
12,29,stop_and_wait,True,0,0,8.75,16,0
12,29,central,True,0,0,8.416666666666666,16,0
12,29,decentral,True,0,0,8.416666666666666,16,0
12,30,stop_and_wait,True,0,0,7.5,15,0
12,30,central,True,0,0,6.833333333333333,14,0
12,30,decentral,True,0,0,6.916666666666667,14,0
12,31,stop_and_wait,False,5,0,170.91666666666666,400,0
12,31,central,True,0,0,6.583333333333333,12,0
12,31,decentral,True,0,0,7.666666666666667,16,0
12,32,stop_and_wait,True,0,0,7.25,12,0
12,32,central,True,0,0,6.5,12,0
12,32,decentral,True,0,0,6.5,12,0
12,33,stop_and_wait,True,0,0,7.166666666666667,16,0
12,33,central,True,0,0,6.583333333333333,15,0
12,33,decentral,True,0,0,6.583333333333333,15,0
12,34,stop_and_wait,False,5,0,171.0,400,0
12,34,central,True,0,0,8.083333333333334,13,0
12,34,decentral,True,0,0,8.416666666666666,13,0
12,35,stop_and_wait,False,2,0,71.0,400,0
12,35,central,True,0,0,5.166666666666667,10,0
12,35,decentral,True,0,0,5.25,10,0
12,36,stop_and_wait,True,0,0,7.5,13,0
12,36,central,True,0,0,6.916666666666667,13,0
12,36,decentral,True,0,0,7.416666666666667,15,0
12,37,stop_and_wait,True,0,0,7.166666666666667,18,0
12,37,central,True,0,0,7.0,17,0
12,37,decentral,True,0,0,7.166666666666667,17,0
12,38,stop_and_wait,False,6,0,203.83333333333334,400,0
12,38,central,True,0,0,7.833333333333333,12,0
12,38,decentral,True,0,0,8.916666666666666,14,0
12,39,stop_and_wait,False,5,0,171.33333333333334,400,0
12,39,central,True,0,0,8.583333333333334,14,0
12,39,decentral,True,0,0,8.916666666666666,14,0
12,40,stop_and_wait,False,2,0,72.16666666666667,400,0
12,40,central,True,0,0,7.416666666666667,13,0
12,40,decentral,True,0,0,7.416666666666667,13,0
12,41,stop_and_wait,False,2,0,70.75,400,0
12,41,central,True,0,0,5.5,12,0
12,41,decentral,True,0,0,5.5,12,0
12,42,stop_and_wait,True,0,0,6.25,12,0
12,42,central,True,0,0,6.0,12,0
12,42,decentral,True,0,0,6.0,12,0
12,43,stop_and_wait,True,0,0,7.666666666666667,14,0
12,43,central,True,0,0,7.583333333333333,14,0
12,43,decentral,True,0,0,7.583333333333333,14,0
12,44,stop_and_wait,False,5,0,170.5,400,0
12,44,central,True,0,0,9.0,20,0
12,44,decentral,True,0,0,9.833333333333334,20,0
12,45,stop_and_wait,False,2,0,73.41666666666667,400,0
12,45,central,True,0,0,9.0,20,0
12,45,decentral,True,0,0,11.083333333333334,23,0
12,46,stop_and_wait,False,5,0,171.41666666666666,400,0
12,46,central,True,0,0,7.666666666666667,13,0
12,46,decentral,True,0,0,7.916666666666667,13,0
12,47,stop_and_wait,False,2,0,74.25,400,0
12,47,central,True,0,0,8.25,13,0
12,47,decentral,True,0,0,8.666666666666666,13,0
12,48,stop_and_wait,False,5,0,171.75,400,0
12,48,central,True,0,0,8.25,11,0
12,48,decentral,True,0,0,8.416666666666666,11,0
12,49,stop_and_wait,False,9,0,301.4166666666667,400,0
12,49,central,True,0,0,7.5,11,0
12,49,decentral,True,0,0,7.5,11,0
24,0,stop_and_wait,False,12,0,203.58333333333334,400,0
24,0,central,True,0,0,7.583333333333333,14,0
24,0,decentral,True,0,0,7.958333333333333,18,0
24,1,stop_and_wait,False,11,0,185.95833333333334,400,0
24,1,central,True,0,0,7.416666666666667,19,0
24,1,decentral,True,0,0,7.75,19,0
24,2,stop_and_wait,False,16,0,270.0416666666667,400,0
24,2,central,True,0,0,10.125,18,0
24,2,decentral,True,0,0,10.625,18,0
24,3,stop_and_wait,False,12,0,203.875,400,0
24,3,central,True,0,0,8.041666666666666,17,0
24,3,decentral,True,0,0,8.041666666666666,17,0
24,4,stop_and_wait,False,7,0,121.04166666666667,400,0
24,4,central,True,0,0,7.291666666666667,17,0
24,4,decentral,True,0,0,7.458333333333333,17,0
24,5,stop_and_wait,False,16,0,269.75,400,0
24,5,central,True,0,0,8.541666666666666,15,0
24,5,decentral,True,0,0,8.916666666666666,15,0
24,6,stop_and_wait,False,18,0,301.4166666666667,400,0
24,6,central,True,0,0,8.083333333333334,17,0
24,6,decentral,True,0,0,8.708333333333334,17,0
24,7,stop_and_wait,False,11,0,187.45833333333334,400,0
24,7,central,True,0,0,7.5,19,0
24,7,decentral,True,0,0,7.791666666666667,19,0
24,8,stop_and_wait,False,3,0,57.291666666666664,400,0
24,8,central,True,0,0,8.291666666666666,20,0
24,8,decentral,True,0,0,8.708333333333334,20,0
24,9,stop_and_wait,False,9,0,154.75,400,0
24,9,central,True,0,0,7.833333333333333,13,0
24,9,decentral,True,0,0,8.666666666666666,18,0
24,10,stop_and_wait,False,7,0,121.0,400,0
24,10,central,True,0,0,6.833333333333333,20,0
24,10,decentral,True,0,0,6.75,20,0
24,11,stop_and_wait,False,13,0,220.625,400,0
24,11,central,True,0,0,9.125,18,0
24,11,decentral,True,0,0,9.708333333333334,19,0
24,12,stop_and_wait,False,2,0,40.625,400,0
24,12,central,True,0,0,7.0,16,0
24,12,decentral,True,0,0,7.041666666666667,16,0
24,13,stop_and_wait,False,14,0,236.83333333333334,400,0
24,13,central,True,0,0,9.375,17,0
24,13,decentral,True,0,0,10.166666666666666,20,0
24,14,stop_and_wait,False,16,0,269.5,400,0
24,14,central,True,0,0,9.0,20,0
24,14,decentral,True,0,0,9.25,20,0
24,15,stop_and_wait,False,2,0,40.666666666666664,400,0
24,15,central,True,0,0,7.791666666666667,16,0
24,15,decentral,True,0,0,7.791666666666667,16,0
24,16,stop_and_wait,False,13,0,220.75,400,0
24,16,central,True,0,0,9.208333333333334,16,0
24,16,decentral,True,0,0,10.75,21,0
24,17,stop_and_wait,False,10,0,171.875,400,0
24,17,central,True,0,0,7.916666666666667,16,0
24,17,decentral,True,0,0,8.125,16,0
24,18,stop_and_wait,False,10,0,171.875,400,0
24,18,central,True,0,0,9.083333333333334,20,0
24,18,decentral,True,0,0,9.5,20,0
24,19,stop_and_wait,False,8,0,138.75,400,0
24,19,central,True,0,0,7.166666666666667,16,0
24,19,decentral,True,0,0,7.375,16,0
24,20,stop_and_wait,False,14,0,235.75,400,0
24,20,central,True,0,0,9.708333333333334,21,0
24,20,decentral,True,0,0,10.208333333333334,21,0
24,21,stop_and_wait,False,12,0,203.45833333333334,400,0
24,21,central,True,0,0,7.875,17,0
24,21,decentral,True,0,0,8.625,16,0
24,22,stop_and_wait,False,18,0,301.9583333333333,400,0
24,22,central,True,0,0,9.0,15,0
24,22,decentral,True,0,0,9.791666666666666,16,0
24,23,stop_and_wait,False,14,0,236.83333333333334,400,0
24,23,central,True,0,0,8.791666666666666,16,0
24,23,decentral,True,0,0,9.041666666666666,16,0
24,24,stop_and_wait,False,13,0,219.04166666666666,400,0
24,24,central,True,0,0,8.625,18,0
24,24,decentral,True,0,0,9.375,20,0
24,25,stop_and_wait,False,16,0,268.6666666666667,400,0
24,25,central,True,0,0,8.208333333333334,18,0
24,25,decentral,True,0,0,8.541666666666666,18,0
24,26,stop_and_wait,False,18,0,302.75,400,0
24,26,central,True,0,0,10.083333333333334,19,0
24,26,decentral,True,0,0,10.583333333333334,19,0
24,27,stop_and_wait,False,14,0,235.66666666666666,400,0
24,27,central,True,0,0,8.458333333333334,18,0
24,27,decentral,True,0,0,9.166666666666666,18,0
24,28,stop_and_wait,False,9,0,156.29166666666666,400,0
24,28,central,True,0,0,9.166666666666666,17,0
24,28,decentral,True,0,0,9.25,17,0
24,29,stop_and_wait,False,8,0,139.29166666666666,400,0
24,29,central,True,0,0,8.583333333333334,16,0
24,29,decentral,True,0,0,9.458333333333334,25,0
24,30,stop_and_wait,False,15,0,252.625,400,0
24,30,central,True,0,0,7.375,17,0
24,30,decentral,True,0,0,7.75,17,0
24,31,stop_and_wait,False,18,0,301.8333333333333,400,0
24,31,central,True,0,0,8.541666666666666,16,0
24,31,decentral,True,0,0,8.583333333333334,16,0
24,32,stop_and_wait,False,5,0,90.0,400,0
24,32,central,True,0,0,8.625,16,0
24,32,decentral,True,0,0,9.041666666666666,21,0
24,33,stop_and_wait,False,12,0,203.54166666666666,400,0
24,33,central,True,0,0,8.416666666666666,19,0
24,33,decentral,True,0,0,8.708333333333334,19,0
24,34,stop_and_wait,False,12,0,204.625,400,0
24,34,central,True,0,0,7.5,16,0
24,34,decentral,True,0,0,7.666666666666667,16,0
24,35,stop_and_wait,False,15,0,252.75,400,0
24,35,central,True,0,0,8.708333333333334,20,0
24,35,decentral,True,0,0,8.75,20,0
24,36,stop_and_wait,False,16,0,269.0833333333333,400,0
24,36,central,True,0,0,8.708333333333334,19,0
24,36,decentral,True,0,0,9.208333333333334,19,0
24,37,stop_and_wait,False,10,0,171.625,400,0
24,37,central,True,0,0,8.041666666666666,19,0
24,37,decentral,True,0,0,8.458333333333334,19,0
24,38,stop_and_wait,False,11,0,187.29166666666666,400,0
24,38,central,True,0,0,8.666666666666666,18,0
24,38,decentral,True,0,0,10.75,23,0
24,39,stop_and_wait,False,8,0,137.79166666666666,400,0
24,39,central,True,0,0,7.875,16,0
24,39,decentral,True,0,0,7.916666666666667,15,0
24,40,stop_and_wait,False,13,0,220.58333333333334,400,0
24,40,central,True,0,0,8.708333333333334,17,0
24,40,decentral,True,0,0,9.333333333333334,17,0
24,41,stop_and_wait,False,8,0,139.08333333333334,400,0
24,41,central,True,0,0,8.291666666666666,17,0
24,41,decentral,True,0,0,8.583333333333334,17,0
24,42,stop_and_wait,False,10,0,170.875,400,0
24,42,central,True,0,0,7.833333333333333,14,0
24,42,decentral,True,0,0,7.916666666666667,14,0
24,43,stop_and_wait,False,13,0,219.54166666666666,400,0
24,43,central,True,0,0,7.041666666666667,17,0
24,43,decentral,True,0,0,8.125,23,0
24,44,stop_and_wait,False,18,0,301.5416666666667,400,0
24,44,central,True,0,0,9.833333333333334,18,0
24,44,decentral,True,0,0,9.625,18,0
24,45,stop_and_wait,False,11,0,186.875,400,0
24,45,central,True,0,0,6.375,16,0
24,45,decentral,True,0,0,7.291666666666667,19,0
24,46,stop_and_wait,False,15,0,253.33333333333334,400,0
24,46,central,True,0,0,9.375,16,0
24,46,decentral,True,0,0,9.958333333333334,16,0
24,47,stop_and_wait,False,17,0,285.3333333333333,400,0
24,47,central,True,0,0,9.5,19,0
24,47,decentral,True,0,0,11.833333333333334,28,0
24,48,stop_and_wait,False,13,0,219.95833333333334,400,0
24,48,central,True,0,0,8.708333333333334,17,0
24,48,decentral,True,0,0,9.5,18,0
24,49,stop_and_wait,False,6,0,106.875,400,0
24,49,central,True,0,0,8.625,19,0
24,49,decentral,True,0,0,8.916666666666666,19,0
48,0,stop_and_wait,False,44,0,367.4791666666667,400,0
48,0,central,True,0,0,10.083333333333334,19,0
48,0,decentral,True,0,0,10.541666666666666,18,0
48,1,stop_and_wait,False,39,0,326.1458333333333,400,0
48,1,central,True,0,0,8.791666666666666,17,0
48,1,decentral,True,0,0,9.708333333333334,19,0
48,2,stop_and_wait,False,38,0,317.8125,400,0
48,2,central,True,0,0,8.3125,18,0
48,2,decentral,True,0,0,9.291666666666666,28,0
48,3,stop_and_wait,False,38,0,318.0833333333333,400,0
48,3,central,True,0,0,9.208333333333334,18,0
48,3,decentral,True,0,0,10.354166666666666,20,0
48,4,stop_and_wait,False,38,0,318.1666666666667,400,0
48,4,central,True,0,0,8.041666666666666,21,0
48,4,decentral,True,0,0,8.8125,23,0
48,5,stop_and_wait,False,32,0,269.1041666666667,400,0
48,5,central,True,0,0,9.354166666666666,18,0
48,5,decentral,True,0,0,9.75,18,0
48,6,stop_and_wait,False,41,0,342.625,400,0
48,6,central,True,0,0,8.770833333333334,18,0
48,6,decentral,True,0,0,10.3125,21,0
48,7,stop_and_wait,False,40,0,334.0,400,0
48,7,central,True,0,0,8.208333333333334,18,0
48,7,decentral,True,0,0,8.666666666666666,18,0
48,8,stop_and_wait,False,38,0,317.7083333333333,400,0
48,8,central,True,0,0,8.5,18,0
48,8,decentral,True,0,0,9.916666666666666,29,0
48,9,stop_and_wait,False,41,0,342.4166666666667,400,0
48,9,central,True,0,0,9.041666666666666,19,0
48,9,decentral,True,0,0,9.8125,21,0
48,10,stop_and_wait,False,42,0,350.6666666666667,400,0
48,10,central,True,0,0,8.541666666666666,17,0
48,10,decentral,True,0,0,8.708333333333334,17,0
48,11,stop_and_wait,False,37,0,309.3958333333333,400,0
48,11,central,True,0,0,8.041666666666666,16,0
48,11,decentral,True,0,0,9.416666666666666,21,0
48,12,stop_and_wait,False,35,0,293.1458333333333,400,0
48,12,central,True,0,0,7.541666666666667,15,0
48,12,decentral,True,0,0,8.145833333333334,17,0
48,13,stop_and_wait,False,37,0,310.0416666666667,400,0
48,13,central,True,0,0,8.708333333333334,16,0
48,13,decentral,True,0,0,9.75,20,0
48,14,stop_and_wait,False,44,0,367.0625,400,0
48,14,central,True,0,0,8.854166666666666,18,0
48,14,decentral,True,0,0,10.208333333333334,33,0
48,15,stop_and_wait,False,40,0,334.0625,400,0
48,15,central,True,0,0,8.145833333333334,19,0
48,15,decentral,True,0,0,9.395833333333334,19,0
48,16,stop_and_wait,False,36,0,301.7083333333333,400,0
48,16,central,True,0,0,9.083333333333334,19,0
48,16,decentral,True,0,0,9.708333333333334,20,0
48,17,stop_and_wait,False,39,0,326.375,400,0
48,17,central,True,0,0,9.625,17,0
48,17,decentral,True,0,0,10.625,26,0
48,18,stop_and_wait,False,44,0,367.0625,400,0
48,18,central,True,0,0,8.9375,19,0
48,18,decentral,True,0,0,9.520833333333334,20,0
48,19,stop_and_wait,False,43,0,358.8958333333333,400,0
48,19,central,True,0,0,9.208333333333334,19,0
48,19,decentral,True,0,0,10.625,33,0
48,20,stop_and_wait,False,41,0,342.9166666666667,400,0
48,20,central,True,0,0,8.6875,15,0
48,20,decentral,True,0,0,9.708333333333334,20,0
48,21,stop_and_wait,False,39,0,326.3541666666667,400,0
48,21,central,True,0,0,8.645833333333334,17,0
48,21,decentral,True,0,0,9.229166666666666,21,0
48,22,stop_and_wait,False,34,0,286.0625,400,0
48,22,central,True,0,0,8.8125,17,0
48,22,decentral,True,0,0,9.958333333333334,24,0
48,23,stop_and_wait,False,39,0,326.2916666666667,400,0
48,23,central,True,0,0,8.416666666666666,17,0
48,23,decentral,True,0,0,9.020833333333334,21,0
48,24,stop_and_wait,False,41,0,342.8125,400,0
48,24,central,True,0,0,9.083333333333334,18,0
48,24,decentral,True,0,0,10.125,24,0
48,25,stop_and_wait,False,40,0,334.125,400,0
48,25,central,True,0,0,8.729166666666666,17,0
48,25,decentral,True,0,0,9.020833333333334,17,0
48,26,stop_and_wait,False,40,0,334.8125,400,0
48,26,central,True,0,0,8.791666666666666,16,0
48,26,decentral,True,0,0,10.229166666666666,19,0
48,27,stop_and_wait,False,44,0,367.125,400,0
48,27,central,True,0,0,9.3125,20,0
48,27,decentral,True,0,0,10.0625,20,0
48,28,stop_and_wait,False,30,0,252.14583333333334,400,0
48,28,central,True,0,0,7.4375,18,0
48,28,decentral,True,0,0,7.854166666666667,19,0
48,29,stop_and_wait,False,38,0,317.7291666666667,400,0
48,29,central,True,0,0,8.1875,16,0
48,29,decentral,True,0,0,9.625,23,0
48,30,stop_and_wait,False,35,0,293.8541666666667,400,0
48,30,central,True,0,0,8.833333333333334,17,0
48,30,decentral,True,0,0,9.083333333333334,18,0
48,31,stop_and_wait,False,43,0,359.1666666666667,400,0
48,31,central,True,0,0,9.729166666666666,19,0
48,31,decentral,True,0,0,10.604166666666666,22,0
48,32,stop_and_wait,False,42,0,350.6041666666667,400,0
48,32,central,True,0,0,9.604166666666666,20,0
48,32,decentral,True,0,0,10.333333333333334,22,0
48,33,stop_and_wait,False,39,0,326.0833333333333,400,0
48,33,central,True,0,0,8.791666666666666,18,0
48,33,decentral,True,0,0,10.3125,22,0
48,34,stop_and_wait,False,35,0,293.0208333333333,400,0
48,34,central,True,0,0,7.958333333333333,18,0
48,34,decentral,True,0,0,9.041666666666666,36,0
48,35,stop_and_wait,False,35,0,293.5833333333333,400,0
48,35,central,True,0,0,8.6875,18,0
48,35,decentral,True,0,0,9.583333333333334,18,0
48,36,stop_and_wait,False,35,0,293.4583333333333,400,0
48,36,central,True,0,0,7.875,15,0
48,36,decentral,True,0,0,8.604166666666666,18,0
48,37,stop_and_wait,False,37,0,309.5833333333333,400,0
48,37,central,True,0,0,8.458333333333334,18,0
48,37,decentral,True,0,0,9.333333333333334,18,0
48,38,stop_and_wait,False,37,0,309.9583333333333,400,0
48,38,central,True,0,0,8.041666666666666,18,0
48,38,decentral,True,0,0,8.208333333333334,18,0
48,39,stop_and_wait,False,38,0,317.8541666666667,400,0
48,39,central,True,0,0,9.0,18,0
48,39,decentral,True,0,0,9.770833333333334,19,0
48,40,stop_and_wait,False,41,0,342.8541666666667,400,0
48,40,central,True,0,0,8.770833333333334,16,0
48,40,decentral,True,0,0,9.4375,20,0
48,41,stop_and_wait,False,43,0,358.7916666666667,400,0
48,41,central,True,0,0,9.520833333333334,16,0
48,41,decentral,True,0,0,10.75,20,0
48,42,stop_and_wait,False,38,0,318.25,400,0
48,42,central,True,0,0,7.729166666666667,20,0
48,42,decentral,True,0,0,8.229166666666666,20,0
48,43,stop_and_wait,False,37,0,309.7708333333333,400,0
48,43,central,True,0,0,8.541666666666666,15,0
48,43,decentral,True,0,0,9.541666666666666,17,0
48,44,stop_and_wait,False,39,0,326.5,400,0
48,44,central,True,0,0,8.479166666666666,21,0
48,44,decentral,True,0,0,9.166666666666666,21,0
48,45,stop_and_wait,False,41,0,342.2708333333333,400,0
48,45,central,True,0,0,8.6875,17,0
48,45,decentral,True,0,0,9.1875,17,0
48,46,stop_and_wait,False,37,0,311.1458333333333,400,0
48,46,central,True,0,0,9.291666666666666,19,0
48,46,decentral,True,0,0,9.75,20,0
48,47,stop_and_wait,False,39,0,326.4791666666667,400,0
48,47,central,True,0,0,9.375,18,0
48,47,decentral,True,0,0,10.583333333333334,31,0
48,48,stop_and_wait,False,43,0,358.875,400,0
48,48,central,True,0,0,8.1875,17,0
48,48,decentral,True,0,0,9.479166666666666,18,0
48,49,stop_and_wait,False,35,0,293.75,400,0
48,49,central,True,0,0,8.25,15,0
48,49,decentral,True,0,0,9.041666666666666,20,0
