n_robots,policy,trials,success_pct,collisions,mean_completion,gain_vs_stop_and_wait_pct,gain_on_commonly_solved_pct,commonly_solved,plan_fail
3,stop_and_wait,50,94.0,0,23.213333333333335,0.0,0.0,47,0
3,central,50,100.0,0,7.573333333333333,67.37507179781734,1.2357414448669146,47,0
3,decentral,50,100.0,0,7.613333333333333,67.2027570361861,1.2357414448669146,47,0
6,stop_and_wait,50,66.0,0,61.35,0.0,0.0,33,0
6,central,50,100.0,0,7.876666666666667,87.1610975278457,2.4104234527687294,33,0
6,decentral,50,100.0,0,8.036666666666667,86.90029883183918,2.2801302931596052,33,0
12,stop_and_wait,50,30.0,0,101.325,0.0,0.0,15,0
12,central,50,100.0,0,7.918333333333333,92.18521259972037,6.7690160502442405,15,0
12,decentral,50,100.0,0,8.166666666666666,91.94012665515255,5.163991625959529,15,0
24,stop_and_wait,50,0.0,0,201.25083333333333,0.0,nan,0,0
24,central,50,100.0,0,8.369166666666667,95.84142508726671,nan,0,0
24,decentral,50,100.0,0,8.860833333333334,95.59711968066384,nan,0,0
48,stop_and_wait,50,0.0,0,324.76375,0.0,nan,0,0
48,central,50,100.0,0,8.698333333333334,97.32164278392113,nan,0,0
48,decentral,50,100.0,0,9.562916666666666,97.0554236220432,nan,0,0
